original,new
,missing
  Bosh refrigerator,refrigerator
  Scandinavian White body soap,bodysoap
  Scandinavian White shampoo,shampoo
  mitsubishi  refrigerator,refrigerator
 .  conditioner,conditioner
 . body soap,bodysoap
 . conditioner,conditioner
 . refrigerator,refrigerator
 . shampoo,shampoo
 . stainless steel oven,kitchen
 / conditioner,conditioner
 / oven,shampoo
 / shampoo,shampoo
 100 HDTV with HBO Max,tv
 100ml Rawganical eco bio shampoo,shampoo
 105 HDTV with Amazon Prime Video,tv
 120 HDTV,tv
 120 HDTV with Netflix,tv
 12 TV with standard cable,cabletv
 13 TV with standard cable,cabletv
 14 TV with Disney+,tv
 14 TV with standard cable,cabletv
 150 HDTV with Chromecast,tv
 15 HDTV with Chromecast,tv
 15 HDTV with standard cable,cabletv
 15 TV,tv
 16 HDTV,tv
 16 HDTV with premium cable,cabletv
 16 TV,tv
 17 TV with premium cable,cabletv
 17 TV with standard cable,cabletv
 18 HDTV with Netflix,tv
 19 HDTV,tv
 19 HDTV with standard cable,cabletv
 19 TV with standard cable,cabletv
 1 HDTV with Disney+,tv
 2 hot plates electric stove,kitchen
 2+1 shampoo,shampoo
 2-5 years old,others
 20 HDTV with Amazon Prime Video,tv
 20 HDTV with premium cable,cabletv
 20 TV,tv
 20 TV with DVD player,tv
 20 TV with Disney+,tv
 20 TV with standard cable,cabletv
 21 HDTV with Apple TV,tv
 21 HDTV with standard cable,cabletv
 21 TV,tv
 21 TV with standard cable,cabletv
 22 HDTV,tv
 22 HDTV with standard cable,cabletv
 22 TV with standard cable,cabletv
 23 HDTV with premium cable,cabletv
 23 TV with premium cable,cabletv
 23 TV with standard cable,cabletv
 24 HDTV,tv
 24 HDTV with Amazon Prime Video,tv
 24 HDTV with Netflix,tv
 24 HDTV with premium cable,cabletv
 24 HDTV with standard cable,cabletv
 24 TV,tv
 24 TV with Amazon Prime Video,tv
 24 TV with Netflix,tv
 24 TV with standard cable,cabletv
 25 HDTV,tv
 25 HDTV with premium cable,cabletv
 25 HDTV with standard cable,cabletv
 25 TV with premium cable,cabletv
 25 TV with standard cable,cabletv
 26 HDTV,tv
 26 HDTV with Netflix,tv
 26 HDTV with standard cable,cabletv
 27 HDTV with Amazon Prime Video,tv
 27 HDTV with Chromecast,tv
 27 HDTV with standard cable,cabletv
 28 HDTV,tv
 28 HDTV with Chromecast,tv
 28 HDTV with premium cable,cabletv
 28 HDTV with standard cable,cabletv
 28 TV,tv
 28 TV with premium cable,cabletv
 28 TV with standard cable,cabletv
 29 HDTV with Netflix,tv
 29 HDTV with standard cable,cabletv
 2em 1 shampoo,shampoo
 2in1 shampoo shower gel shampoo,shampoo
 2in1 shampoo/shower gel body soap,bodysoap
 2in1 shampoo/shower gel shampoo,shampoo
 30 HDTV,tv
 30 HDTV with Amazon Prime Video,tv
 30 HDTV with Apple TV,tv
 30 HDTV with Netflix,tv
 30 HDTV with premium cable,cabletv
 30 HDTV with standard cable,cabletv
 30 TV,tv
 30 TV with standard cable,cabletv
 31 HDTV with Disney+,tv
 31 HDTV with premium cable,cabletv
 31 HDTV with standard cable,cabletv
 32 HDTV,tv
 32 HDTV with Amazon Prime Video,tv
 32 HDTV with Chromecast,tv
 32 HDTV with DVD player,tv
 32 HDTV with Disney+,tv
 32 HDTV with Fire TV,tv
 32 HDTV with HBO Max,tv
 32 HDTV with Netflix,tv
 32 HDTV with premium cable,cabletv
 32 HDTV with standard cable,cabletv
 32 TV,tv
 32 TV with Amazon Prime Video,tv
 32 TV with Chromecast,tv
 32 TV with Disney+,tv
 32 TV with HBO Max,tv
 32 TV with Netflix,tv
 32 TV with premium cable,cabletv
 32 TV with standard cable,cabletv
 33 HDTV with standard cable,cabletv
 33 TV with standard cable,cabletv
 35 HDTV,tv
 35 HDTV with Chromecast,tv
 35 HDTV with standard cable,cabletv
 36 HDTV,tv
 36 HDTV with Amazon Prime Video,tv
 36 HDTV with Netflix,tv
 36 HDTV with premium cable,cabletv
 36 HDTV with standard cable,cabletv
 36 TV,tv
 36 TV with premium cable,cabletv
 36 TV with standard cable,cabletv
 37 HDTV with Chromecast,tv
 37 HDTV with premium cable,cabletv
 37 HDTV with standard cable,cabletv
 37 TV with Netflix,tv
 37 TV with standard cable,cabletv
 38 HDTV with Netflix,tv
 38 HDTV with premium cable,cabletv
 38 HDTV with standard cable,cabletv
 38 TV,tv
 39 HDTV with premium cable,cabletv
 39 HDTV with standard cable,cabletv
 3 HDTV with Netflix,tv
 3 HDTV with standard cable,cabletv
 40 HDTV,tv
 40 HDTV with Amazon Prime Video,tv
 40 HDTV with Apple TV,tv
 40 HDTV with Chromecast,tv
 40 HDTV with DVD player,tv
 40 HDTV with Disney+,tv
 40 HDTV with HBO Max,tv
 40 HDTV with Hulu,tv
 40 HDTV with Netflix,tv
 40 HDTV with premium cable,cabletv
 40 HDTV with standard cable,cabletv
 40 TV,tv
 40 TV with Netflix,tv
 40 TV with standard cable,cabletv
 41 HDTV,tv
 41 HDTV with standard cable,cabletv
 41 TV with premium cable,cabletv
 42 HDTV,tv
 42 HDTV with Amazon Prime Video,tv
 42 HDTV with Apple TV,tv
 42 HDTV with Chromecast,tv
 42 HDTV with Disney+,tv
 42 HDTV with HBO Max,tv
 42 HDTV with Netflix,tv
 42 HDTV with premium cable,cabletv
 42 HDTV with standard cable,cabletv
 42 TV,tv
 42 TV with standard cable,cabletv
 43 HDTV,tv
 43 HDTV with Amazon Prime Video,tv
 43 HDTV with Chromecast,tv
 43 HDTV with Disney+,tv
 43 HDTV with Fire TV,tv
 43 HDTV with HBO Max,tv
 43 HDTV with Netflix,tv
 43 HDTV with premium cable,cabletv
 43 HDTV with standard cable,cabletv
 43 TV,tv
 43 TV with Amazon Prime Video,tv
 43 TV with Netflix,tv
 43 TV with standard cable,cabletv
 44 HDTV,tv
 44 HDTV with Amazon Prime Video,tv
 44 HDTV with Netflix,tv
 44 HDTV with standard cable,cabletv
 44 TV,tv
 45 HDTV with Chromecast,tv
 45 HDTV with Netflix,tv
 45 HDTV with premium cable,cabletv
 45 HDTV with standard cable,cabletv
 45 TV,tv
 45 TV with standard cable,cabletv
 46 HDTV with Amazon Prime Video,tv
 46 HDTV with Netflix,tv
 46 HDTV with premium cable,cabletv
 46 HDTV with standard cable,cabletv
 47 HDTV with Amazon Prime Video,tv
 47 HDTV with HBO Max,tv
 47 HDTV with premium cable,cabletv
 47 HDTV with standard cable,cabletv
 47 TV with Amazon Prime Video,tv
 48 HDTV with Netflix,tv
 48 HDTV with premium cable,cabletv
 48 HDTV with standard cable,cabletv
 48 TV,tv
 48 TV with standard cable,cabletv
 49 HDTV,tv
 49 HDTV with Apple TV,tv
 49 HDTV with Disney+,tv
 49 HDTV with HBO Max,tv
 49 HDTV with Netflix,tv
 49 HDTV with standard cable,cabletv
 49 TV with standard cable,cabletv
 4 HDTV with standard cable,cabletv
 5-10 years old,others
 50 HDTV,tv
 50 HDTV with Amazon Prime Video,tv
 50 HDTV with Chromecast,tv
 50 HDTV with Disney+,tv
 50 HDTV with HBO Max,tv
 50 HDTV with Netflix,tv
 50 HDTV with Roku,tv
 50 HDTV with premium cable,cabletv
 50 HDTV with standard cable,cabletv
 50 TV,tv
 50 TV with HBO Max,tv
 50 TV with Netflix,tv
 50 TV with standard cable,cabletv
 51 HDTV with Chromecast,tv
 51 HDTV with HBO Max,tv
 51 HDTV with Netflix,tv
 51 TV,tv
 52 HDTV,tv
 52 HDTV with Amazon Prime Video,tv
 52 HDTV with Apple TV,tv
 52 HDTV with Chromecast,tv
 52 HDTV with Disney+,tv
 52 HDTV with HBO Max,tv
 52 HDTV with Netflix,tv
 52 HDTV with standard cable,cabletv
 53 HDTV,tv
 53 HDTV with Netflix,tv
 54 HDTV with Netflix,tv
 54 HDTV with premium cable,cabletv
 54 HDTV with standard cable,cabletv
 55 HDTV,tv
 55 HDTV with Amazon Prime Video,tv
 55 HDTV with Apple TV,tv
 55 HDTV with Chromecast,tv
 55 HDTV with Disney+,tv
 55 HDTV with Fire TV,tv
 55 HDTV with HBO Max,tv
 55 HDTV with Netflix,tv
 55 HDTV with premium cable,cabletv
 55 HDTV with standard cable,cabletv
 55 TV,tv
 55 TV with Chromecast,tv
 55 TV with Netflix,tv
 55 TV with premium cable,cabletv
 56 TV with standard cable,cabletv
 58 HDTV with premium cable,cabletv
 59 HDTV with standard cable,cabletv
 60 HDTV,tv
 60 HDTV with Netflix,tv
 60 HDTV with premium cable,cabletv
 60 HDTV with standard cable,cabletv
 62 HDTV with Amazon Prime Video,tv
 65 HDTV,tv
 65 HDTV with Amazon Prime Video,tv
 65 HDTV with Apple TV,tv
 65 HDTV with Chromecast,tv
 65 HDTV with Netflix,tv
 65 HDTV with premium cable,cabletv
 65 HDTV with standard cable,cabletv
 67 HDTV with Amazon Prime Video,tv
 67 HDTV with premium cable,cabletv
 6 TV with standard cable,cabletv
 70 HDTV,tv
 70 HDTV with Netflix,tv
 70 HDTV with premium cable,cabletv
 70 HDTV with standard cable,cabletv
 75 HDTV with HBO Max,tv
 75 HDTV with premium cable,cabletv
 80 HDTV,tv
 80 TV with DVD player,tv
 82 HDTV with Amazon Prime Video,tv
 85 HDTV with Netflix,tv
 AC - split type ductless system,airconditioning
 ADA Cosmetics body soap,bodysoap
 ADA Cosmetics shampoo,shampoo
 AEG electric stove,kitchen
 AEG induction stove,kitchen
 AEG oven,kitchen
 AEG refrigerator,refrigerator
 AEG stainless steel electric stove,kitchen
 AEG stainless steel gas stove,kitchen
 AEG stainless steel induction stove,kitchen
 AEG stainless steel oven,kitchen
 AEG stainless steel single oven,kitchen
 AEG stove,kitchen
 ALGOTHERM  shampoo,shampoo
 ALGOTHERM body soap,bodysoap
 ALGOTHERM conditioner,conditioner
 ANRu00c4TTA Forno de ar foru00e7ado,luxuryamenities
 AROMA DE PORTUGAL body soap,bodysoap
 AXE body soap,bodysoap
 Ach Brito body soap,bodysoap
 Ada Cosmetics 2 in 1 Shower Gel + Shampoo shampoo,shampoo
 Ada Cosmetics body soap,bodysoap
 Aeg refrigerator,refrigerator
 Aeg stainless steel double oven,kitchen
 Air conditioning,airconditioning
 Alexa Bluetooth sound system,soundsystem
 Alexa Dot with Spotify sound system,soundsystem
 Amazon Prime Video,tv
 Annat stainless steel electric stove,kitchen
 Apple HomePod mini sound system,soundsystem
 Apple HomePod sound system,soundsystem
 Apple Homepod sound system,soundsystem
 Apple TV,tv
 Ariston  stainless steel oven,kitchen
 Ariston electric stove,kitchen
 Ariston gas stove,kitchen
 Ariston hotpoint oven,kitchen
 Ariston induction stove,kitchen
 Ariston refrigerator,refrigerator
 Ariston single oven,kitchen
 Ariston stainless steel double oven,kitchen
 Ariston stainless steel gas stove,kitchen
 Ariston stainless steel oven,kitchen
 Aro shampoo,shampoo
 Aroma Portugal shampoo,shampoo
 Aroma de Portugal,luxuryamenities
 Aroma de Portugal  body soap,bodysoap
 Aroma de Portugal body soap,bodysoap
 Aroma de Portugal conditioner,conditioner
 Aroma de Portugal ou similar body soap,bodysoap
 Aroma de Portugal ou similar shampoo,shampoo
 Aroma de Portugal shampoo,shampoo
 Aromas Portugal body soap,bodysoap
 Aromas Portugal shampoo,shampoo
 Aromas de Portugal,luxuryamenities
 Aromas de Portugal   shampoo,shampoo
 Aromas de Portugal  body soap,bodysoap
 Aromas de Portugal  conditioner,conditioner
 Aromas de Portugal  shampoo,shampoo
 Aromas de Portugal body soap,bodysoap
 Aromas de Portugal conditioner,conditioner
 Arstars body soap,bodysoap
 Arstars conditioner,conditioner
 Arstars shampoo,shampoo
 Audio Pro T5 sound system with Bluetooth and aux,soundsystem
 AudioPro BT5 sound system with Bluetooth and aux,soundsystem
 Autre electric stove,kitchen
 Autre induction stove,kitchen
 Autre stainless steel electric stove,kitchen
 Autre stainless steel induction stove,kitchen
 Avon body soap,bodysoap
 B&W Air Play or LG Sound Bar sound system with Bluetooth and aux,soundsystem
 BBQ grill,bbq
 BBQ grill: charcoal,bbq
 BBQ grill: electric,bbq
 BBQ grill: gas,bbq
 BBQ grill: wood-burning,bbq
 BEJUBLAD Placa de induu00e7u00e3o,luxuryamenities
 BEKO electric stove,kitchen
 BEKO refrigerator,refrigerator
 BEKO stainless steel oven,kitchen
 BENAMOR body soap,bodysoap
 BENAMOR shampoo,shampoo
 BO sound system with aux,soundsystem
 BOSCH electric stove,kitchen
 BOSCH refrigerator,refrigerator
 BOSCH stainless steel electric stove,kitchen
 BOSCH stainless steel oven,kitchen
 BOSE Bluetooth sound system,soundsystem
 BRANCA conditioner,conditioner
 Baby bath,kidfriendly
 Baby bath - always at the listing,kidfriendly
 Baby bath - available upon request,kidfriendly
 Baby monitor,kidfriendly
 Baby monitor - always at the listing,kidfriendly
 Baby monitor - available upon request,kidfriendly
 Baby safety gates,kidfriendly
 Babysitter recommendations,kidfriendly
 Backyard,backyard
 Backyard - Fully fenced,backyard
 Bake,kitchen
 Baking sheet,kitchen
 Balay  refrigerator,refrigerator
 Balay  stainless steel gas stove,kitchen
 Balay  stainless steel oven,kitchen
 Balay  stainless steel single oven,kitchen
 Balay electric stove,kitchen
 Balay induction stove,kitchen
 Balay oven,kitchen
 Balay single oven,kitchen
 Balay stainless steel double oven,kitchen
 Balay stainless steel gas stove,kitchen
 Bang & Olufsen Bluetooth sound system,soundsystem
 Bang & olufsen Bluetooth sound system,soundsystem
 Barbecue utensils,bbq
 Bathtub,luxuryamenities
 Bay view,windowview
 Beach access,beachaccess
 Beach access Beachfront,beachaccess
 Beach essentials,beachaccess
 Beach view,windowview
 Becken refrigerator,refrigerator
 Becken stainless steel oven,kitchen
 Becker  refrigerator,refrigerator
 Bed linens,essentials
 Beken  refrigerator,refrigerator
 BekenX2 refrigerator,refrigerator
 Beko -  induction stove,kitchen
 Beko gas stove,kitchen
 Beko induction stove,kitchen
 Beko oven,kitchen
 Beko refrigerator,refrigerator
 Beko stainless steel electric stove,kitchen
 Beko stainless steel gas stove,kitchen
 Beko stainless steel induction stove,kitchen
 Beko stainless steel oven,kitchen
 Beko stainless steel single oven,kitchen
 Beko stainless steel stove,kitchen
 Benamu00f4r Lisboa body soap,bodysoap
 Benamor body soap,bodysoap
 Benamor shampoo,shampoo
 Benk refrigerator,refrigerator
 Benk single oven,kitchen
 Bidet,luxuryamenities
 Bikes,luxuryamenities
 Bio Product (mini kit) shampoo,shampoo
 Bio Products (mini kit) conditioner,conditioner
 Bio body soap,bodysoap
 Blender,kitchen
 Blodgett induction stove,kitchen
 Bluesound Bluetooth sound system,soundsystem
 Bluetooth adapter Bluetooth sound system,soundsystem
 Bluetooth sound system,soundsystem
 Bluetooth speaker Bluetooth sound system,soundsystem
 Boa marca conditioner,conditioner
 Boa qualidade. Bluetooth sound system,soundsystem
 Boa qualidade. body soap,bodysoap
 Boa qualidade. conditioner,conditioner
 Board games,kidfriendly
 Boat slip,outdooramenities
 Body Shop and Head and Shoulders shampoo,bodysoap
 Body Shop body soap,bodysoap
 Body Shop conditioner,conditioner
 Body soap,bodysoap
 Body wash body soap,bodysoap
 Bom produto body soap,bodysoap
 Books and reading material,essentials
 Boom Speaker Bluetooth sound system,soundsystem
 Boose Bluetooth sound system,soundsystem
 Booster seat high chair,kidfriendly
 Booster seat high chair - always at the listing,kidfriendly
 Booster seat high chair - available upon request,kidfriendly
 Boretti double oven,kitchen
 Bosch  electric stove,kitchen
 Bosch  oven,kitchen
 Bosch  stainless steel gas stove,kitchen
 Bosch KUL15A65/01 refrigerator,refrigerator
 Bosch double oven,kitchen
 Bosch electric stove,kitchen
 Bosch gas stove,kitchen
 Bosch induction stove,kitchen
 Bosch oven,kitchen
 Bosch refrigerator,refrigerator
 Bosch single oven,kitchen
 Bosch stainless steel double oven,kitchen
 Bosch stainless steel electric stove,kitchen
 Bosch stainless steel gas stove,kitchen
 Bosch stainless steel induction stove,kitchen
 Bosch stainless steel oven,kitchen
 Bosch stainless steel single oven,kitchen
 Bosch stainless steel stove,kitchen
 Bosch stove,kitchen
 Bose 2006 Docking Station sound system with aux,soundsystem
 Bose 2006 dock sound system with aux,soundsystem
 Bose Bluetooth sound system,soundsystem
 Bose Home 500 sound system with Bluetooth and aux,soundsystem
 Bose sound system,soundsystem
 Bose sound system with Bluetooth and aux,soundsystem
 Bosh  oven,kitchen
 Bosh  refrigerator,refrigerator
 Bosh  stainless steel single oven,kitchen
 Bosh induction stove,kitchen
 Bosh oven,kitchen
 Bosh refrigerator,refrigerator
 Bosh stainless steel oven,kitchen
 Bosh stove,kitchen
 Boutu00e9 conditioner,conditioner
 Bowers & Wilkins sound system with Bluetooth and aux,soundsystem
 Branca body soap,bodysoap
 Branca refrigerator,refrigerator
 Branca shampoo,shampoo
 Branca stainless steel gas stove,kitchen
 Brandt induction stove,kitchen
 Brandt stainless steel induction stove,kitchen
 Brastemp gas stove,kitchen
 Bread maker,kitchen
 Breakfast,breakfast
 Breakfast bar,breakfast
 Building staff,luxuryamenities
 CANDY stainless steel electric stove,kitchen
 CANDY stainless steel oven,kitchen
 CIEN body soap,bodysoap
 Caddy oven,kitchen
 Canal view,windowview
 Candy  refrigerator,refrigerator
 Candy  single oven,kitchen
 Candy electric stove,kitchen
 Candy induction stove,kitchen
 Candy refrigerator,refrigerator
 Candy single oven,kitchen
 Candy stainless steel induction stove,kitchen
 Candy stainless steel oven,kitchen
 Candy stove,kitchen
 Carbon monoxide alarm,smokedetector
 Casas d'Almedina body soap,bodysoap
 Casas d'Almedina shampoo,shampoo
 Castebel or other from time to time. body soap,bodysoap
 Castebel or other from time to time. conditioner,conditioner
 Castebel or other from time to time. shampoo,shampoo
 Castel bell shampoo,shampoo
 Castelbel  body soap,bodysoap
 Castelbel Amenities body soap,bodysoap
 Castelbel body soap,bodysoap
 Castelbel conditioner,conditioner
 Castelbel shampoo,shampoo
 Castellbell shampoo,shampoo
 Castle-bell body soap,bodysoap
 Cata stainless steel electric stove,kitchen
 Cecotec Electric Oven/Grill stainless steel oven,kitchen
 Ceiling fan,essentials
 Central air conditioning,airconditioning
 Central heating,airconditioning
 Champu00f4 e Gel de banho shampoo,shampoo
 Champu00f4 shampoo,shampoo
 Changing table,kidfriendly
 Changing table - always at the listing,kidfriendly
 Changing table - available upon request,kidfriendly
 Childrenu2019s books and toys,kidfriendly
 Childrenu2019s books and toys for ages 0-2 years old,kidfriendly
 Childrenu2019s books and toys for ages 0-2 years old and 2-5 years old,kidfriendly
 Childrenu2019s books and toys for ages 10+ years old,kidfriendly
 Childrenu2019s books and toys for ages 2-5 years old,kidfriendly
 Childrenu2019s books and toys for ages 2-5 years old and 10+ years old,kidfriendly
 Childrenu2019s books and toys for ages 2-5 years old and 5-10 years old,kidfriendly
 Childrenu2019s books and toys for ages 5-10 years old,kidfriendly
 Childrenu2019s books and toys for ages 5-10 years old and 10+ years old,kidfriendly
 Childrenu2019s dinnerware,kidfriendly
 Chromecast,tv
 Cien  body soap,bodysoap
 Cien  conditioner,conditioner
 Cien body soap,bodysoap
 Cien conditioner,conditioner
 Cien shampoo,shampoo
 Citrino portugal body soap,bodysoap
 City Gas gas stove,kitchen
 City skyline view,windowview
 Clamp on table seat high chair,kidfriendly
 Clamp on table seat high chair - always at the listing,kidfriendly
 Clamp on table seat high chair - available upon request,kidfriendly
 Clatronic Double Induction Vitroceramic Cooking Hotplate induction stove,kitchen
 Claus Porto body soap,bodysoap
 Claus conditioner,conditioner
 Claus shampoo,shampoo
 Cleaning available during stay,luxuryamenities
 Cleaning products,essentials
 Clothing storage,closet
 Clothing storage: closet,closet
 Clothing storage: closet and dresser,closet
 Clothing storage: closet and wardrobe,closet
 Clothing storage: dresser,closet
 Clothing storage: walk-in closet,closet
 Clothing storage: walk-in closet and closet,closet
 Clothing storage: walk-in closet and dresser,closet
 Clothing storage: walk-in closet and wardrobe,closet
 Clothing storage: wardrobe,closet
 Clothing storage: wardrobe and dresser,closet
 Coffee,coffeemaker
 Coffee maker,coffeemaker
 Coffee maker: Keurig coffee machine,coffeemaker
 Coffee maker: Nespresso,coffeemaker
 Coffee maker: drip coffee maker,coffeemaker
 Coffee maker: espresso machine,coffeemaker
 Coffee maker: french press,coffeemaker
 Coffee maker: pour-over coffee,coffeemaker
 Coluna IKEA Bluetooth sound system,soundsystem
 Comu00fan body soap,bodysoap
 Comu00fan shampoo,shampoo
 Combinado Electronia HD-348RN(D) refrigerator,refrigerator
 Combinado LG oven,kitchen
 Common body soap,bodysoap
 Common oven,kitchen
 Common refrigerator,refrigerator
 Complimentary samples body soap,bodysoap
 Complimentary samples conditioner,conditioner
 Conditioner,conditioner
 Confianu00e7a body soap,bodysoap
 Confortec refrigerator,refrigerator
 Confotec refrigerator,refrigerator
 Continent  body soap,bodysoap
 Continente  shampoo,shampoo
 Continente body soap,bodysoap
 Cooking basics,others
 Coslys body soap,bodysoap
 Cosmos body soap,bodysoap
 Cotton shampoo,shampoo
 Courtyard view,windowview
 Creative Bar & Column  sound system,soundsystem
 Crianu00e7as e adultos  shampoo,shampoo
 Crib,kidfriendly
 Crib - always at the listing,kidfriendly
 Crib - available upon request,kidfriendly
 Cruelty free vegan conditioner,conditioner
 Custom Made body soap,bodysoap
 DOUVE body soap,bodysoap
 DOVE body soap,bodysoap
 DVD player,soundsystem
 Damana  conditioner,conditioner
 Damana - Champu00f4 orgu00e2nico shampoo,shampoo
 Damana - Sabonete orgu00e2nico body soap,bodysoap
 Damana - sabone orgu00e2nico body soap,bodysoap
 Damana Organic body soap,bodysoap
 Damana Organic shampoo,shampoo
 Damana Organics shampoo,shampoo
 Damana body soap,bodysoap
 Damana shampoo,shampoo
 Damara shampoo,shampoo
 De Dietrich  electric stove,kitchen
 De petite taille  refrigerator,refrigerator
 Dedicated workspace,workspace
 Dehydrate,others
 Desert view,windowview
 Dial body soap,bodysoap
 Dining table,essentials
 Dishes and silverware,essentials
 Dishwasher,dishwasher
 Disney+,tv
 Diversas body soap,bodysoap
 Diversos  conditioner,conditioner
 Double oven,kitchen
 Dove  body soap,bodysoap
 Dove  shampoo,shampoo
 Dove body soap,bodysoap
 Dove conditioner,conditioner
 Dove shampoo,shampoo
 Dryer,dryer
 Dryer In building,dryer
 Dryer u2013u00a0In unit,dryer
 Drying rack for clothing,closet
 Duck Island body soap,bodysoap
 Duck Island conditioner,conditioner
 Duck Island shampoo,shampoo
 EAG stainless steel gas stove,kitchen
 ELECTRONIA refrigerator,refrigerator
 ENEBY Bluetooth sound system,soundsystem
 EV charger,luxuryamenities
 Eco bio body soap,bodysoap
 Ecolu00f3gico e sem testes em animais shampoo,shampoo
 Edifier sound system with Bluetooth and aux,soundsystem
 Electric double oven,kitchen
 Electric oven,kitchen
 Electric stove,kitchen
 Electrolux  refrigerator,refrigerator
 Electrolux electric stove,kitchen
 Electrolux gas stove,kitchen
 Electrolux induction stove,kitchen
 Electrolux refrigerator,refrigerator
 Electrolux stainless steel electric stove,kitchen
 Electrolux stainless steel gas stove,kitchen
 Electrolux stainless steel induction stove,kitchen
 Elegance refrigerator,refrigerator
 Elektrolux  refrigerator,refrigerator
 Eletrolux  oven,kitchen
 Eletrolux refrigerator,refrigerator
 Eletrolux stainless steel single oven,kitchen
 Elevator,elevator
 Em gel body soap,bodysoap
 Essencias de Portugal body soap,bodysoap
 Essencias de Portugal shampoo,shampoo
 Essentials,essentials
 Ethernet connection,wifi
 Execellent refrigerator,refrigerator
 Exercise equipment,gym
 Exercise equipment: elliptical,gym
 Exercise equipment: free weights,gym
 Exercise equipment: stationary bike,gym
 Exercise equipment: treadmill,gym
 Exercise equipment: yoga mat,gym
 Extra pillows and blankets,luxuryamenities
 FAGOR induction stove,kitchen
 FM,others
 FRICON refrigerator,refrigerator
 Fagor refrigerator,refrigerator
 Fast wifi 100 Mbps,wifi
 Fast wifi 101 Mbps,wifi
 Fast wifi 102 Mbps,wifi
 Fast wifi 104 Mbps,wifi
 Fast wifi 105 Mbps,wifi
 Fast wifi 106 Mbps,wifi
 Fast wifi 107 Mbps,wifi
 Fast wifi 108 Mbps,wifi
 Fast wifi 109 Mbps,wifi
 Fast wifi 110 Mbps,wifi
 Fast wifi 111 Mbps,wifi
 Fast wifi 112 Mbps,wifi
 Fast wifi 113 Mbps,wifi
 Fast wifi 114 Mbps,wifi
 Fast wifi 115 Mbps,wifi
 Fast wifi 116 Mbps,wifi
 Fast wifi 117 Mbps,wifi
 Fast wifi 118 Mbps,wifi
 Fast wifi 119 Mbps,wifi
 Fast wifi 120 Mbps,wifi
 Fast wifi 121 Mbps,wifi
 Fast wifi 122 Mbps,wifi
 Fast wifi 124 Mbps,wifi
 Fast wifi 125 Mbps,wifi
 Fast wifi 126 Mbps,wifi
 Fast wifi 129 Mbps,wifi
 Fast wifi 130 Mbps,wifi
 Fast wifi 132 Mbps,wifi
 Fast wifi 133 Mbps,wifi
 Fast wifi 135 Mbps,wifi
 Fast wifi 139 Mbps,wifi
 Fast wifi 140 Mbps,wifi
 Fast wifi 146 Mbps,wifi
 Fast wifi 150 Mbps,wifi
 Fast wifi 154 Mbps,wifi
 Fast wifi 156 Mbps,wifi
 Fast wifi 158 Mbps,wifi
 Fast wifi 161 Mbps,wifi
 Fast wifi 165 Mbps,wifi
 Fast wifi 167 Mbps,wifi
 Fast wifi 169 Mbps,wifi
 Fast wifi 172 Mbps,wifi
 Fast wifi 177 Mbps,wifi
 Fast wifi 178 Mbps,wifi
 Fast wifi 179 Mbps,wifi
 Fast wifi 181 Mbps,wifi
 Fast wifi 182 Mbps,wifi
 Fast wifi 184 Mbps,wifi
 Fast wifi 185 Mbps,wifi
 Fast wifi 187 Mbps,wifi
 Fast wifi 188 Mbps,wifi
 Fast wifi 189 Mbps,wifi
 Fast wifi 191 Mbps,wifi
 Fast wifi 192 Mbps,wifi
 Fast wifi 193 Mbps,wifi
 Fast wifi 194 Mbps,wifi
 Fast wifi 196 Mbps,wifi
 Fast wifi 197 Mbps,wifi
 Fast wifi 198 Mbps,wifi
 Fast wifi 199 Mbps,wifi
 Fast wifi 200 Mbps,wifi
 Fast wifi 201 Mbps,wifi
 Fast wifi 202 Mbps,wifi
 Fast wifi 203 Mbps,wifi
 Fast wifi 204 Mbps,wifi
 Fast wifi 205 Mbps,wifi
 Fast wifi 206 Mbps,wifi
 Fast wifi 207 Mbps,wifi
 Fast wifi 208 Mbps,wifi
 Fast wifi 209 Mbps,wifi
 Fast wifi 210 Mbps,wifi
 Fast wifi 211 Mbps,wifi
 Fast wifi 212 Mbps,wifi
 Fast wifi 213 Mbps,wifi
 Fast wifi 214 Mbps,wifi
 Fast wifi 215 Mbps,wifi
 Fast wifi 216 Mbps,wifi
 Fast wifi 217 Mbps,wifi
 Fast wifi 218 Mbps,wifi
 Fast wifi 219 Mbps,wifi
 Fast wifi 220 Mbps,wifi
 Fast wifi 221 Mbps,wifi
 Fast wifi 224 Mbps,wifi
 Fast wifi 226 Mbps,wifi
 Fast wifi 227 Mbps,wifi
 Fast wifi 228 Mbps,wifi
 Fast wifi 229 Mbps,wifi
 Fast wifi 230 Mbps,wifi
 Fast wifi 231 Mbps,wifi
 Fast wifi 232 Mbps,wifi
 Fast wifi 233 Mbps,wifi
 Fast wifi 234 Mbps,wifi
 Fast wifi 235 Mbps,wifi
 Fast wifi 236 Mbps,wifi
 Fast wifi 238 Mbps,wifi
 Fast wifi 239 Mbps,wifi
 Fast wifi 241 Mbps,wifi
 Fast wifi 245 Mbps,wifi
 Fast wifi 249 Mbps,wifi
 Fast wifi 250 Mbps,wifi
 Fast wifi 253 Mbps,wifi
 Fast wifi 256 Mbps,wifi
 Fast wifi 258 Mbps,wifi
 Fast wifi 259 Mbps,wifi
 Fast wifi 260 Mbps,wifi
 Fast wifi 263 Mbps,wifi
 Fast wifi 265 Mbps,wifi
 Fast wifi 266 Mbps,wifi
 Fast wifi 268 Mbps,wifi
 Fast wifi 269 Mbps,wifi
 Fast wifi 270 Mbps,wifi
 Fast wifi 274 Mbps,wifi
 Fast wifi 276 Mbps,wifi
 Fast wifi 281 Mbps,wifi
 Fast wifi 282 Mbps,wifi
 Fast wifi 284 Mbps,wifi
 Fast wifi 286 Mbps,wifi
 Fast wifi 288 Mbps,wifi
 Fast wifi 289 Mbps,wifi
 Fast wifi 290 Mbps,wifi
 Fast wifi 291 Mbps,wifi
 Fast wifi 293 Mbps,wifi
 Fast wifi 294 Mbps,wifi
 Fast wifi 298 Mbps,wifi
 Fast wifi 299 Mbps,wifi
 Fast wifi 300 Mbps,wifi
 Fast wifi 301 Mbps,wifi
 Fast wifi 302 Mbps,wifi
 Fast wifi 303 Mbps,wifi
 Fast wifi 304 Mbps,wifi
 Fast wifi 310 Mbps,wifi
 Fast wifi 311 Mbps,wifi
 Fast wifi 312 Mbps,wifi
 Fast wifi 313 Mbps,wifi
 Fast wifi 314 Mbps,wifi
 Fast wifi 315 Mbps,wifi
 Fast wifi 316 Mbps,wifi
 Fast wifi 317 Mbps,wifi
 Fast wifi 318 Mbps,wifi
 Fast wifi 319 Mbps,wifi
 Fast wifi 321 Mbps,wifi
 Fast wifi 322 Mbps,wifi
 Fast wifi 324 Mbps,wifi
 Fast wifi 325 Mbps,wifi
 Fast wifi 328 Mbps,wifi
 Fast wifi 329 Mbps,wifi
 Fast wifi 330 Mbps,wifi
 Fast wifi 331 Mbps,wifi
 Fast wifi 333 Mbps,wifi
 Fast wifi 334 Mbps,wifi
 Fast wifi 336 Mbps,wifi
 Fast wifi 338 Mbps,wifi
 Fast wifi 340 Mbps,wifi
 Fast wifi 347 Mbps,wifi
 Fast wifi 354 Mbps,wifi
 Fast wifi 359 Mbps,wifi
 Fast wifi 361 Mbps,wifi
 Fast wifi 362 Mbps,wifi
 Fast wifi 364 Mbps,wifi
 Fast wifi 368 Mbps,wifi
 Fast wifi 369 Mbps,wifi
 Fast wifi 373 Mbps,wifi
 Fast wifi 378 Mbps,wifi
 Fast wifi 385 Mbps,wifi
 Fast wifi 390 Mbps,wifi
 Fast wifi 393 Mbps,wifi
 Fast wifi 394 Mbps,wifi
 Fast wifi 398 Mbps,wifi
 Fast wifi 400 Mbps,wifi
 Fast wifi 402 Mbps,wifi
 Fast wifi 403 Mbps,wifi
 Fast wifi 405 Mbps,wifi
 Fast wifi 406 Mbps,wifi
 Fast wifi 407 Mbps,wifi
 Fast wifi 408 Mbps,wifi
 Fast wifi 409 Mbps,wifi
 Fast wifi 410 Mbps,wifi
 Fast wifi 416 Mbps,wifi
 Fast wifi 417 Mbps,wifi
 Fast wifi 419 Mbps,wifi
 Fast wifi 420 Mbps,wifi
 Fast wifi 423 Mbps,wifi
 Fast wifi 424 Mbps,wifi
 Fast wifi 427 Mbps,wifi
 Fast wifi 431 Mbps,wifi
 Fast wifi 433 Mbps,wifi
 Fast wifi 434 Mbps,wifi
 Fast wifi 437 Mbps,wifi
 Fast wifi 446 Mbps,wifi
 Fast wifi 448 Mbps,wifi
 Fast wifi 450 Mbps,wifi
 Fast wifi 453 Mbps,wifi
 Fast wifi 454 Mbps,wifi
 Fast wifi 457 Mbps,wifi
 Fast wifi 458 Mbps,wifi
 Fast wifi 459 Mbps,wifi
 Fast wifi 460 Mbps,wifi
 Fast wifi 461 Mbps,wifi
 Fast wifi 465 Mbps,wifi
 Fast wifi 468 Mbps,wifi
 Fast wifi 469 Mbps,wifi
 Fast wifi 470 Mbps,wifi
 Fast wifi 473 Mbps,wifi
 Fast wifi 474 Mbps,wifi
 Fast wifi 475 Mbps,wifi
 Fast wifi 476 Mbps,wifi
 Fast wifi 477 Mbps,wifi
 Fast wifi 478 Mbps,wifi
 Fast wifi 479 Mbps,wifi
 Fast wifi 480 Mbps,wifi
 Fast wifi 483 Mbps,wifi
 Fast wifi 484 Mbps,wifi
 Fast wifi 485 Mbps,wifi
 Fast wifi 486 Mbps,wifi
 Fast wifi 489 Mbps,wifi
 Fast wifi 490 Mbps,wifi
 Fast wifi 491 Mbps,wifi
 Fast wifi 492 Mbps,wifi
 Fast wifi 493 Mbps,wifi
 Fast wifi 494 Mbps,wifi
 Fast wifi 495 Mbps,wifi
 Fast wifi 496 Mbps,wifi
 Fast wifi 497 Mbps,wifi
 Fast wifi 498 Mbps,wifi
 Fast wifi 50 Mbps,wifi
 Fast wifi 500 Mbps,wifi
 Fast wifi 501 Mbps,wifi
 Fast wifi 502 Mbps,wifi
 Fast wifi 503 Mbps,wifi
 Fast wifi 504 Mbps,wifi
 Fast wifi 505 Mbps,wifi
 Fast wifi 506 Mbps,wifi
 Fast wifi 507 Mbps,wifi
 Fast wifi 508 Mbps,wifi
 Fast wifi 509 Mbps,wifi
 Fast wifi 51 Mbps,wifi
 Fast wifi 510 Mbps,wifi
 Fast wifi 511 Mbps,wifi
 Fast wifi 512 Mbps,wifi
 Fast wifi 513 Mbps,wifi
 Fast wifi 514 Mbps,wifi
 Fast wifi 515 Mbps,wifi
 Fast wifi 516 Mbps,wifi
 Fast wifi 517 Mbps,wifi
 Fast wifi 52 Mbps,wifi
 Fast wifi 520 Mbps,wifi
 Fast wifi 521 Mbps,wifi
 Fast wifi 522 Mbps,wifi
 Fast wifi 529 Mbps,wifi
 Fast wifi 530 Mbps,wifi
 Fast wifi 533 Mbps,wifi
 Fast wifi 535 Mbps,wifi
 Fast wifi 536 Mbps,wifi
 Fast wifi 54 Mbps,wifi
 Fast wifi 540 Mbps,wifi
 Fast wifi 541 Mbps,wifi
 Fast wifi 543 Mbps,wifi
 Fast wifi 546 Mbps,wifi
 Fast wifi 547 Mbps,wifi
 Fast wifi 549 Mbps,wifi
 Fast wifi 55 Mbps,wifi
 Fast wifi 550 Mbps,wifi
 Fast wifi 555 Mbps,wifi
 Fast wifi 556 Mbps,wifi
 Fast wifi 558 Mbps,wifi
 Fast wifi 56 Mbps,wifi
 Fast wifi 562 Mbps,wifi
 Fast wifi 563 Mbps,wifi
 Fast wifi 568 Mbps,wifi
 Fast wifi 57 Mbps,wifi
 Fast wifi 571 Mbps,wifi
 Fast wifi 575 Mbps,wifi
 Fast wifi 576 Mbps,wifi
 Fast wifi 577 Mbps,wifi
 Fast wifi 578 Mbps,wifi
 Fast wifi 58 Mbps,wifi
 Fast wifi 583 Mbps,wifi
 Fast wifi 584 Mbps,wifi
 Fast wifi 59 Mbps,wifi
 Fast wifi 593 Mbps,wifi
 Fast wifi 595 Mbps,wifi
 Fast wifi 596 Mbps,wifi
 Fast wifi 60 Mbps,wifi
 Fast wifi 605 Mbps,wifi
 Fast wifi 61 Mbps,wifi
 Fast wifi 612 Mbps,wifi
 Fast wifi 614 Mbps,wifi
 Fast wifi 62 Mbps,wifi
 Fast wifi 620 Mbps,wifi
 Fast wifi 622 Mbps,wifi
 Fast wifi 626 Mbps,wifi
 Fast wifi 63 Mbps,wifi
 Fast wifi 633 Mbps,wifi
 Fast wifi 64 Mbps,wifi
 Fast wifi 642 Mbps,wifi
 Fast wifi 65 Mbps,wifi
 Fast wifi 66 Mbps,wifi
 Fast wifi 660 Mbps,wifi
 Fast wifi 667 Mbps,wifi
 Fast wifi 668 Mbps,wifi
 Fast wifi 67 Mbps,wifi
 Fast wifi 674 Mbps,wifi
 Fast wifi 68 Mbps,wifi
 Fast wifi 69 Mbps,wifi
 Fast wifi 70 Mbps,wifi
 Fast wifi 71 Mbps,wifi
 Fast wifi 711 Mbps,wifi
 Fast wifi 72 Mbps,wifi
 Fast wifi 73 Mbps,wifi
 Fast wifi 74 Mbps,wifi
 Fast wifi 75 Mbps,wifi
 Fast wifi 754 Mbps,wifi
 Fast wifi 756 Mbps,wifi
 Fast wifi 76 Mbps,wifi
 Fast wifi 77 Mbps,wifi
 Fast wifi 772 Mbps,wifi
 Fast wifi 777 Mbps,wifi
 Fast wifi 78 Mbps,wifi
 Fast wifi 79 Mbps,wifi
 Fast wifi 80 Mbps,wifi
 Fast wifi 800 Mbps,wifi
 Fast wifi 81 Mbps,wifi
 Fast wifi 82 Mbps,wifi
 Fast wifi 821 Mbps,wifi
 Fast wifi 83 Mbps,wifi
 Fast wifi 842 Mbps,wifi
 Fast wifi 85 Mbps,wifi
 Fast wifi 851 Mbps,wifi
 Fast wifi 86 Mbps,wifi
 Fast wifi 87 Mbps,wifi
 Fast wifi 88 Mbps,wifi
 Fast wifi 89 Mbps,wifi
 Fast wifi 90 Mbps,wifi
 Fast wifi 91 Mbps,wifi
 Fast wifi 913 Mbps,wifi
 Fast wifi 92 Mbps,wifi
 Fast wifi 93 Mbps,wifi
 Fast wifi 94 Mbps,wifi
 Fast wifi 95 Mbps,wifi
 Fast wifi 96 Mbps,wifi
 Fast wifi 97 Mbps,wifi
 Fast wifi 98 Mbps,wifi
 Fast wifi 99 Mbps,wifi
Fast wifi 180 Mbps,wifi
 Feno,others
 Feno Portugal body soap,bodysoap
 Feno de Portugal body soap,bodysoap
 Fire TV,tv
 Fire extinguisher,fireextinguisher
 Fire pit,indoorfireplace
 Fireplace guards,indoorfireplace
 First aid kit,firstaidkit
 Folding or convertible high chair,kidfriendly
 Folding or convertible high chair - always at the listing,kidfriendly
 Folding or convertible high chair - available upon request,kidfriendly
 Forno elu00e9trico tamanho pequeno  oven,kitchen
 Forno electric stove,kitchen
 Forno gas stove,kitchen
 Franke induction stove,kitchen
 Franke refrigerator,refrigerator
 Franke stainless steel induction stove,kitchen
 Franke stainless steel oven,kitchen
 Free carport on premises,freeparking
 Free carport on premises 1 space,freeparking
 Free carport on premises 2 spaces,freeparking
 Free driveway parking on premises,freeparking
 Free driveway parking on premises 1 space,freeparking
 Free driveway parking on premises 2 spaces,freeparking
 Free driveway parking on premises 20 spaces,freeparking
 Free driveway parking on premises 3 spaces,freeparking
 Free driveway parking on premises 30 spaces,freeparking
 Free driveway parking on premises 4 spaces,freeparking
 Free driveway parking on premises 5 spaces,freeparking
 Free driveway parking on premises 6 spaces,freeparking
 Free driveway parking on premises 8 spaces,freeparking
 Free dryer,dryer
 Free dryer In building,dryer
 Free dryer In unit,dryer
 Free parking garage on premises,freeparking
 Free parking garage on premises 1 space,freeparking
 Free parking garage on premises 2 spaces,freeparking
 Free parking garage on premises 3 spaces,freeparking
 Free parking garage on premises 5 spaces,freeparking
 Free parking on premises,freeparking
 Free parking on premises 1 space,freeparking
 Free parking on premises 2 spaces,freeparking
 Free parking on premises 3 spaces,freeparking
 Free parking on premises 4 spaces,freeparking
 Free parking on premises 5 spaces,freeparking
 Free parking on premises 8 spaces,freeparking
 Free residential garage on premises,freeparking
 Free residential garage on premises 1 space,freeparking
 Free residential garage on premises 2 spaces,freeparking
 Free residential garage on premises 6 spaces,freeparking
 Free resort access,luxuryamenities
 Free street parking,freeparking
 Free washer,washer
 Free washer In building,washer
 Free washer In unit,washer
 Freezer,refrigerator
 Frezer refrigerator,refrigerator
 GE gas stove,kitchen
 GE induction stove,kitchen
 GE stainless steel gas stove,kitchen
 GENEVA GUILD hair and body wash shampoo,bodysoap
 Gu00e1s - Non-Electrical Oven oven,kitchen
 Gaggenau induction stove,kitchen
 Gaggenau refrigerator,refrigerator
 Gaggenau stainless steel electric stove,kitchen
 Gaggenau stainless steel oven,kitchen
 Game console,gameconsole
 Game console: Nintendo Switch,gameconsole
 Game console: Nintendo Wii,gameconsole
 Game console: PS2,gameconsole
 Game console: PS3,gameconsole
 Game console: PS3 and PS4,gameconsole
 Game console: PS4,gameconsole
 Game console: PS4 and Xbox 360,gameconsole
 Game console: PS5,gameconsole
 Game console: Xbox 360,gameconsole
 Game console: Xbox One,gameconsole
 Game console: Xbox Series X,gameconsole
 Garden conditioner,conditioner
 Garden view,windowview
 Garnier,shampoo
 Garnier  conditioner,conditioner
 Garnier conditioner,conditioner
 Garnier shampoo,shampoo
 Gas Stove stove,kitchen
 Gas stove,kitchen
 Gato Preto Bluetooth sound system,soundsystem
 Gel body soap,bodysoap
 Gel de Duche  body soap,bodysoap
 Gel de bau00f1o  body soap,bodysoap
 Gel de banho  body soap,bodysoap
 Gel de banho body soap,bodysoap
 Gel douche / Shampoing body soap,bodysoap
 Genu00e9rica body soap,bodysoap
 Genu00e9rica shampoo,shampoo
 Genu00e9rico  body soap,bodysoap
 Genu00e9rico  shampoo,shampoo
 Genu00e9rico body soap,bodysoap
 Genu00e9rico shampoo,shampoo
 Generic  body soap,bodysoap
 Generic PH7 body soap,bodysoap
 Generic body soap,bodysoap
 Generic brand conditioner,conditioner
 Generic brand shampoo,shampoo
 Glem stainless steel gas stove,kitchen
 Glem stainless steel oven,kitchen
 Glicerina  body soap,bodysoap
 Gold and Blue,others
 Golf course view,windowview
 Grande refrigerator,refrigerator
 Green Det conditioner,conditioner
 Grill,bbq
 Gym,gym
 Gym in building,gym
 Gym nearby,gym
 HARMAN / KARDON Bluetooth sound system,soundsystem
 HBO Max,tv
 HDTV,tv
 HDTV with Amazon Prime Video,tv
 HDTV with Apple TV,tv
 HDTV with Chromecast,tv
 HDTV with DVD player,tv
 HDTV with Disney+,tv
 HDTV with HBO Max,tv
 HDTV with Netflix,tv
 HDTV with Roku,tv
 HDTV with premium cable,cabletv
 HDTV with standard cable,cabletv
 HI 435 stainless steel oven,kitchen
 HISENSE refrigerator,refrigerator
 Haier refrigerator,refrigerator
 Hair dryer,hairdryer
 Hammock,outdooramenities
 Hangers,hangers
 Harbor view,windowview
 Harman / Kardon Bluetooth sound system,soundsystem
 Harman Kardon Bluetooth sound system,soundsystem
 Harmon Kardon Bluetooth sound system,soundsystem
 Heating,airconditioning
 Heating - split type ductless system,airconditioning
 High chair,kidfriendly
 High chair - always at the listing,kidfriendly
 High chair - available upon request,kidfriendly
 Hipoalergu00e9nico bu00e9be body soap,bodysoap
 Hipoalergu00e9nico bu00e9be shampoo,shampoo
 Hisense refrigerator,refrigerator
 Hisense retro refrigerator,refrigerator
 Hisense stainless steel oven,kitchen
 Homepod Apple Bluetooth sound system,soundsystem
 Homepod By Apple sound system,soundsystem
 Honey body soap,bodysoap
 Hoover induction stove,kitchen
 Hoover refrigerator,refrigerator
 Hoover stainless steel oven,kitchen
 Host greets you,others
 Hot tub,hottub
 Hot water,essentials
 Hot water kettle,kitchen
 Hotpoint Ariston refrigerator,refrigerator
 Hotpoint Ariston stainless steel oven,kitchen
 Hotpoint refrigerator,refrigerator
 House brand body soap,bodysoap
 House brand conditioner,conditioner
 House brand shampoo,shampoo
 Housekeeping - included with your stay,luxuryamenities
 Huawei Bluetooth sound system,soundsystem
 Hulu,tv
 Hydrated body wash  body soap,bodysoap
 IKEA  induction stove,kitchen
 IKEA Bluetooth sound system,soundsystem
 IKEA ENEBY 20 Bluetooth sound system,soundsystem
 IKEA ENEBY sound system with Bluetooth and aux,soundsystem
 IKEA MIRAKULOS stainless steel oven,kitchen
 IKEA electric stove,kitchen
 IKEA induction stove,kitchen
 IKEA oven,kitchen
 IKEA refrigerator,refrigerator
 IKEA stainless steel double oven,kitchen
 IKEA stainless steel electric stove,kitchen
 IKEA stainless steel induction stove,kitchen
 IKEA stainless steel oven,kitchen
 IKEA stainless steel single oven,kitchen
 IKEA stainless steel stove,kitchen
 IKEA stove,kitchen
 IKea electric stove,kitchen
 INDESIT induction stove,kitchen
 INDESIT refrigerator,refrigerator
 INDUu00c7u00c3O stove,kitchen
 Ikea  oven,kitchen
 Ikea  stainless steel single oven,kitchen
 Ikea Bluetooth sound system,soundsystem
 Ikea Sonos WiFi sound system,soundsystem
 Ikea electric stove,kitchen
 Ikea gas stove,kitchen
 Ikea induction stove,kitchen
 Ikea oven,kitchen
 Ikea refrigerator,refrigerator
 Ikea stainless steel induction stove,kitchen
 Ikea stainless steel oven,kitchen
 Ikea stainless steel single oven,kitchen
 Ikea stove,kitchen
 Ikea/microwave and Grill oven,kitchen
 Including freezer section refrigerator,refrigerator
 Indensit  oven,kitchen
 Indesit  induction stove,kitchen
 Indesit  refrigerator,refrigerator
 Indesit  stainless steel electric stove,kitchen
 Indesit  stainless steel oven,kitchen
 Indesit electric stove,kitchen
 Indesit gas stove,kitchen
 Indesit induction stove,kitchen
 Indesit oven,kitchen
 Indesit refrigerator,refrigerator
 Indesit single oven,kitchen
 Indesit stainless steel electric stove,kitchen
 Indesit stainless steel gas stove,kitchen
 Indesit stainless steel oven,kitchen
 Indesite electric stove,kitchen
 Indesite stainless steel oven,kitchen
 Indezit elu00e9trico oven,kitchen
 Indoor fireplace,indoorfireplace
 Indoor fireplace: electric,indoorfireplace
 Indoor fireplace: ethanol,indoorfireplace
 Indoor fireplace: gas,indoorfireplace
 Indoor fireplace: pellet stove,indoorfireplace
 Indoor fireplace: wood-burning,indoorfireplace
 Indoor pool,pool
 Indoor pool - available seasonally,pool
 Induu00e7u00e3o induction stove,kitchen
 Induction stove,kitchen
 Inserit refrigerator,refrigerator
 Invertor stove double  stove,kitchen
 Iron,essentials
 It varies  shampoo,shampoo
 It varies body soap,bodysoap
 It's an old oven but it works stainless steel oven,kitchen
 JBL  Bluetooth sound system,soundsystem
 JBL - only given upon reqest Bluetooth sound system,soundsystem
 JBL Bluetooth sound system,soundsystem
 JBL Speaker Bluetooth sound system,soundsystem
 JBL clip2 Bluetooth sound system,soundsystem
 JBL essential  Bluetooth sound system,soundsystem
 JBL small speaker Bluetooth sound system,soundsystem
 JBL sound system,soundsystem
 JBL speaker Bluetooth sound system,soundsystem
 JLB sound system,soundsystem
 JOCEL refrigerator,refrigerator
 JOCEL stainless steel double oven,kitchen
 JOCEL stainless steel electric stove,kitchen
 JOCEL stainless steel gas stove,kitchen
 JVC  sound system with aux,soundsystem
 JVC Bluetooth sound system,soundsystem
 JVC sound system with aux,soundsystem
 Jacer stainless steel oven,kitchen
 Jbl  Bluetooth sound system,soundsystem
 Jbl  sound system with Bluetooth and aux,soundsystem
 Jbl Bluetooth sound system,soundsystem
 Jbl sound system,soundsystem
 Jou0101o Jungle body soap,bodysoap
 Jou0101o Jungle shampoo,shampoo
 Jocel gas stove,kitchen
 Jocel oven,kitchen
 Jocel refrigerator,refrigerator
 Jocel stainless steel gas stove,kitchen
 Jocel stainless steel oven,kitchen
 Jocel stainless steel single oven,kitchen
 Jocel stove,kitchen
 Jocell oven,kitchen
 Johnson body soap,bodysoap
 Johnson shampoo,shampoo
 Just for you body soap,bodysoap
 Just for you conditioner,conditioner
 Just for you shampoo,shampoo
 Ku00fcppersbusch gas stove,kitchen
 Kayak,luxuryamenities
 Keep Warm,airconditioning
 Kerastase conditioner,conditioner
 Kerastase shampoo,shampoo
 Keurig coffee machine,coffeemaker
 Keypad,keypad
 Kiehl's body soap,bodysoap
 Kitchen,kitchen
 Kitchenette,kitchen
 Kunf  refrigerator,refrigerator
 Kunf refrigerator,refrigerator
 Kunfl electric stove,kitchen
 Kunft electric stove,kitchen
 Kunft gas stove,kitchen
 Kunft refrigerator,refrigerator
 Kunft stainless steel gas stove,kitchen
 L'Oru00e9al  shampoo,shampoo
 LG  Bluetooth sound system,soundsystem
 LG  oven,kitchen
 LG Bluetooth sound system,soundsystem
 LG electric stove,kitchen
 LG gas stove,kitchen
 LG induction stove,kitchen
 LG refrigerator,refrigerator
 LG sound system with Bluetooth and aux,soundsystem
 LG sound system with aux,soundsystem
 LG stainless steel electric stove,kitchen
 LG stainless steel gas stove,kitchen
 LG stainless steel induction stove,kitchen
 LG stainless steel oven,kitchen
 LG stainless steel single oven,kitchen
 LIEBHERR refrigerator,refrigerator
 LOCAL body soap,bodysoap
 LOUSANI body soap,bodysoap
 LOUSANI conditioner,conditioner
 LOUSANI shampoo,shampoo
 LOreal conditioner,conditioner
 LOreal shampoo,shampoo
 Lu2019oreal body soap,bodysoap
 La roche posay  body soap,bodysoap
 Lagan double oven,kitchen
 Lagan electric stove,kitchen
 Lagan refrigerator,refrigerator
 Lake access,luxuryamenities
 Lake view,windowview
 Large size refrigerator and freezer Indensite refrigerator,refrigerator
 Lasa body soap,bodysoap
 Laundromat nearby,others
 Lausani body soap,bodysoap
 Lausani conditioner,conditioner
 Lg oven,kitchen
 Lg refrigerator,refrigerator
 Liebber refrigerator,refrigerator
 Liebherr refrigerator,refrigerator
 Liquid soap body soap,bodysoap
 Liquido body soap,bodysoap
 Liquido shampoo,shampoo
 Lisboa - Lousani body soap,bodysoap
 Lisboa - Lousani shampoo,shampoo
 Lisboa shampoo,shampoo
 Lisbon body soap,bodysoap
 Lisbon shampoo,shampoo
 Local  body soap,bodysoap
 Local  conditioner,conditioner
 Local  shampoo,shampoo
 Local body soap,bodysoap
 Lockbox,lockbox
 Logona shampoo,shampoo
 Long term stays allowed,others
 Loreal body soap,bodysoap
 Loreal conditioner,conditioner
 Loreal shampoo,shampoo
 Lousan body soap,bodysoap
 Lousani  conditioner,conditioner
 Lousani Gel&Shampoo shampoo,shampoo
 Lousani Portugal body soap,bodysoap
 Lousani body soap,bodysoap
 Lousani conditioner,conditioner
 Lousani shampoo,shampoo
 Lousini body soap,bodysoap
 Lousini shampoo,shampoo
 Louzani body soap,bodysoap
 Luggage dropoff allowed,others
 Lux body soap,bodysoap
 Luxury body soap,bodysoap
 Luxus stainless steel double oven,kitchen
 MARSHALL sound system with Bluetooth and aux,soundsystem
 MY LX FLAT body soap,bodysoap
 Mu00edele induction stove,kitchen
 Mu00edele refrigerator,refrigerator
 Makro shampoo,shampoo
 Marantz + Bower& Wilkins sound system with aux,soundsystem
 Marantz + Bower&Wilkins sound system with aux,soundsystem
 Marca corrente shampoo,shampoo
 Marca pingo doce  body soap,bodysoap
 Marca refrigerator,refrigerator
 Marchal sound system with Bluetooth and aux,soundsystem
 Marina view,windowview
 Marshal Bluetooth sound system,soundsystem
 Marshal sound system with Bluetooth and aux,soundsystem
 Marshall Acton II Bluetooth sound system,soundsystem
 Marshall Bluetooth sound system,soundsystem
 Marshall Box sound system with Bluetooth and aux,soundsystem
 Marshall Stanmore II sound system with Bluetooth and aux,soundsystem
 Marshall sound system with Bluetooth and aux,soundsystem
 Marshall stanmore II sound system with Bluetooth and aux,soundsystem
 Meireles electric stove,kitchen
 Meireles induction stove,kitchen
 Meireles oven,kitchen
 Meireles refrigerator,refrigerator
 Meireles stainless steel electric stove,kitchen
 Meireles stainless steel gas stove,kitchen
 Meirelles induction stove,kitchen
 Meirelles stainless steel oven,kitchen
 Mhouse_lease body soap,bodysoap
 Micro ondas com Grill oven,kitchen
 Micro ondas com grill oven,kitchen
 Micro-Ondas com Opu00e7u00e3o de Forno / Micro-Wave with Convection Oven single oven,kitchen
 Microwave,kitchen
 Microwave/Oven Ikea electric stove,kitchen
 Microwave/Oven Ikea oven,kitchen
 Microwave/oven/stove oven,kitchen
 Miele electric stove,kitchen
 Miele gas stove,kitchen
 Miele induction stove,kitchen
 Miele refrigerator,refrigerator
 Miele single oven,kitchen
 Miele stainless steel electric stove,kitchen
 Miele stainless steel gas stove,kitchen
 Miele stainless steel induction stove,kitchen
 Miele stainless steel oven,kitchen
 Millonox refrigerator,refrigerator
 Mini forno single oven,kitchen
 Mini fridge,refrigerator
 Mini frigoru00edfico refrigerator,refrigerator
 Mini refrigerator,refrigerator
 Mini-Frigorifico / Mini-Fridge refrigerator,refrigerator
 Molton Brown conditioner,conditioner
 Moooi body soap,bodysoap
 Moooi shampoo,shampoo
 Mosquito net,essentials
 Motorola  Bluetooth sound system,soundsystem
 Moulinex oven,kitchen
 Mountain view,windowview
 Multimarcas  stainless steel oven,kitchen
 Multimarcas body soap,bodysoap
 Multimarcas stainless steel electric stove,kitchen
 My Label shampoo,shampoo
 My label conditioner,conditioner
 NGS sound system with aux,soundsystem
 Nu00edvea  body soap,bodysoap
 Nu00edvia body soap,bodysoap
 Na body soap,bodysoap
 Na conditioner,conditioner
 Na electric stove,kitchen
 Na refrigerator,refrigerator
 Na shampoo,shampoo
 Na stainless steel oven,kitchen
 Na televisu00e3o sound system,soundsystem
 Nally and Ach Brito body soap,bodysoap
 Nally body soap,bodysoap
 Nally or arc Brito  body soap,bodysoap
 Nespresso,coffeemaker
 Netflix,tv
 New refrigerator,refrigerator
 Nick tested. body soap,bodysoap
 Nick tested. shampoo,shampoo
 Ninja Air Fryer,kitchen
 Nivea  shampoo,shampoo
 Nivea / Dove ... body soap,bodysoap
 Nivea / Dove body soap,bodysoap
 Nivea shampoo,shampoo
 Niveau  body soap,bodysoap
 Niveau  conditioner,conditioner
 No brand body soap,bodysoap
 No name body soap,bodysoap
 No oven electric stove,kitchen
 No oven. electric stove,kitchen
 None body soap,bodysoap
 None shampoo,shampoo
 Normal body soap,bodysoap
 Nosei  refrigerator,refrigerator
 Not sure stainless steel gas stove,kitchen
 ORIMA electric stove,kitchen
 Ocean view,windowview
 Oi shampoo,shampoo
 Oliofora body soap,bodysoap
 Oliofora conditioner,conditioner
 Oliofora shampoo,shampoo
 Onkyo sound system with aux,soundsystem
 Organic body soap,bodysoap
 Orima gas stove,kitchen
 Orima refrigerator,refrigerator
 Orima stainless steel gas stove,kitchen
 Other electric stove,kitchen
 Other gas stove,kitchen
 Other induction stove,kitchen
 Other stainless steel electric stove,kitchen
 Other stainless steel gas stove,kitchen
 Other stainless steel induction stove,kitchen
 Otro stainless steel gas stove,kitchen
 Otro stainless steel induction stove,kitchen
 Outdoor pool - available seasonally,pool
 Outdoor pool - open specific hours,pool
 Private outdoor pool,pool
 Private outdoor pool - ,pool
 Private outdoor pool - available all year,pool
 Private outdoor pool - available seasonally,pool
 Private outdoor pool - heated,pool
 Outlet covers,kidfriendly
 Outro electric stove,kitchen
 Outro gas stove,kitchen
 Outro induction stove,kitchen
 Outro stainless steel electric stove,kitchen
 Outro stainless steel gas stove,kitchen
 Outro stainless steel induction stove,kitchen
 Outro stove,kitchen
 Outro wood-burning stove,kitchen
 Oven,kitchen
 Own body soap,bodysoap
 PANTENE conditioner,conditioner
 PANTENE shampoo,shampoo
 PH neutral body soap,bodysoap
 PORTUGAL body soap,bodysoap
 PORTUGAL shampoo,shampoo
 PRIJA body soap,bodysoap
 PRIJA conditioner,conditioner
 PRIJA shampoo,shampoo
 Pack play/Travel crib,kidfriendly
 Pack play/Travel crib - always at the listing,kidfriendly
 Pack play/Travel crib - available upon request,kidfriendly
 Paid booster seat high chair - available upon request,kidfriendly
 Paid clamp on table seat high chair - available upon request,kidfriendly
 Paid crib,kidfriendly
 Paid crib - available upon request,kidfriendly
 Paid dryer,dryer
 Paid dryer In building,dryer
 Paid dryer In unit,dryer
 Paid folding or convertible high chair,kidfriendly
 Paid folding or convertible high chair - available upon request,kidfriendly
 Paid high chair,kidfriendly
 Paid high chair - available upon request,kidfriendly
 Paid pack play/travel crib,kidfriendly
 Paid pack play/travel crib - available upon request,kidfriendly
 Paid parking garage off premises,paidparking
 Paid parking garage on premises,paidparking
 Paid parking garage on premises 1 space,paidparking
 Paid parking garage on premises 100 spaces,paidparking
 Paid parking garage on premises 2 spaces,paidparking
 Paid parking garage on premises 28 spaces,paidparking
 Paid parking garage on premises 30 spaces,paidparking
 Paid parking garage on premises 6 spaces,paidparking
 Paid parking lot off premises,paidparking
 Paid parking lot on premises,paidparking
 Paid parking lot on premises 1 space,paidparking
 Paid parking lot on premises 10 spaces,paidparking
 Paid parking lot on premises 100 spaces,paidparking
 Paid parking lot on premises 13 spaces,paidparking
 Paid parking lot on premises 2 spaces,paidparking
 Paid parking lot on premises 250 spaces,paidparking
 Paid parking lot on premises 5 spaces,paidparking
 Paid parking lot on premises 50 spaces,paidparking
 Paid parking off premises,paidparking
 Paid parking on premises,paidparking
 Paid parking on premises 2 spaces,paidparking
 Paid parking on premises 30 spaces,paidparking
 Paid resort access,luxuryamenities
 Paid standalone high chair,kidfriendly
 Paid standalone high chair - available upon request,kidfriendly
 Paid street parking off premises,paidparking
 Paid valet parking on premises,paidparking
 Paid valet parking on premises 1 space,paidparking
 Paid washer,washer
 Paid washer In building,washer
 Paid washer In unit,washer
 Palmolive  body soap,bodysoap
 Palmolive  conditioner,conditioner
 Palmolive  shampoo,shampoo
 Palmolive body soap,bodysoap
 Palmolive shampoo,shampoo
 Panasonic Bluetooth sound system,soundsystem
 Pantu00e9ne shampoo,shampoo
 Pantene,shampoo
 Pantene conditioner,conditioner
 Pantene shampoo,shampoo
 Para a primeira noite shampoo,shampoo
 Para enxaguar o cabelo conditioner,conditioner
 Para qualquer tipo de cabelo. conditioner,conditioner
 Park view,windowview
 Patio or balcony,outdooramenities
 Paul Mitchell conditioner,conditioner
 Paul Mitchell shampoo,shampoo
 Personalised  conditioner,conditioner
 Personalised body soap,bodysoap
 Pets allowed,petfriendly
 Philips  Bluetooth sound system,soundsystem
 Philips  sound system,soundsystem
 Philips refrigerator,refrigerator
 Philips sound system,soundsystem
 Philips sound system with Bluetooth and aux,soundsystem
 Philips sound system with aux,soundsystem
 Piano,luxuryamenities
 Ping pong table,luxuryamenities
 Pingo Doce body soap,bodysoap
 Pingo Doce shampoo,shampoo
 Pingo doce  body soap,bodysoap
 Pingo doce ou outra body soap,bodysoap
 Pingo doce ou outra shampoo,shampoo
 Pioneer  Bluetooth sound system,soundsystem
 Pioneer sound system,soundsystem
 Pioneer sound system with aux,soundsystem
 Placa Elu00e9trica com duas bocas stove,kitchen
 Placa a Gu00e1s gas stove,kitchen
 Placa de vidro-ceru00e2mica induction stove,kitchen
 Placa stainless steel stove,kitchen
 Pocket wifi,wifi
 Pool,pool
 Pool table,kidfriendly
 Pool view,windowview
 Portable air conditioning,airconditioning
 Portable fans,essentials
 Portable heater,essentials
 Portable oven stainless steel oven,kitchen
 Porto Claus body soap,bodysoap
 Portugal Aroma shampoo,shampoo
 Portugal body soap,bodysoap
 Portuguese Brand shampoo,shampoo
 Portuguese brand body soap,bodysoap
 Portus Cale,luxuryamenities
 Portus Cale - Gold & Blue (Castelbel) body soap,bodysoap
 Portus Cale - Gold & Blue (Castelbel) conditioner,conditioner
 Portus Cale - Gold & Blue (Castelbel) shampoo,shampoo
 Pru00f3pria body soap,bodysoap
 Premium refrigerator,refrigerator
 Prija (poderu00e1 ser outra marca caso rutura de stock) body soap,bodysoap
 Prija (poderu00e1 ser outra marca caso rutura de stock) conditioner,conditioner
 Prija (poderu00e1 ser outra marca caso rutura de stock) shampoo,shampoo
 Prija Vitalising Show get and Shampoo with Ginseng. Dermatologically tested,shampoo
 Prija body soap,bodysoap
 Prija conditioner,conditioner
 Prija shampoo,shampoo
 Princess gas stove,kitchen
 Private BBQ grill: charcoal,bbq
 Private BBQ grill: electric,bbq
 Private BBQ grill: gas,bbq
 Private BBQ grill: wood-burning,bbq
 Private backyard,backyard
 Private backyard Fully fenced,backyard
 Private backyard Not fully fenced,backyard
 Private beach access,beachaccess
 Private entrance,privateentrance
 Private gym in building,gym
 Private gym nearby,gym
 Private hot tub,hottub
 Private hot tub - available all year,hottub
 Private hot tub - available seasonally,hottub
 Private hot tub - open 24 hours,hottub
 Private indoor pool - ,pool
 Private indoor pool - available all year,pool
 Private indoor pool - available seasonally,pool
 Private indoor pool - heated,pool
 Private outdoor pool - lap pool,pool
 Private outdoor pool - open 24 hours,pool
 Private outdoor pool - open specific hours,pool
 Private outdoor pool - pool cover,pool
 Private outdoor pool - rooftop,pool
 Private outdoor pool - saltwater,pool
 Shared outdoor pool,pool
 Shared outdoor pool - ,pool
 Shared outdoor pool - available all year,pool
 Shared outdoor pool - available seasonally,pool
 Shared outdoor pool - heated,pool
 Shared outdoor pool - infinity,pool
 Private patio or balcony,outdooramenities
 Private pool,pool
 Private pool - ,pool
 Private pool - available all year,pool
 Private pool - available seasonally,pool
 Private pool - infinity,pool
 Private sauna,luxuryamenities
 Productos eco para comeu00e7ar a viajem body soap,bodysoap
 Public or shared beach access,beachaccess
 Public or shared beach access Beachfront,beachaccess
 Punkt refrigerator,refrigerator
 Qualquer shampoo,shampoo
 RIDAN HOTELS  body soap,bodysoap
 RIDAN HOTELS  shampoo,shampoo
 RITUALS body soap,bodysoap
 RITUALS conditioner,conditioner
 RITUALS shampoo,shampoo
 RITUALSu00ae KARMA body soap,bodysoap
 RITUALSu00ae KARMA conditioner,conditioner
 RITUALSu00ae KARMA shampoo,shampoo
 Ru00e1dio sound system,soundsystem
 Radiant heating,airconditioning
 Radio CD Bluetooth sound system with Bluetooth and aux,soundsystem
 Radio CD Sony sound system,soundsystem
 Real Natura conditioner,conditioner
 Real Natura shampoo,shampoo
 Real Saboaria Algae -Portuguese Luxury soaps body soap,bodysoap
 Record player,luxuryamenities
 Refrigerator,refrigerator
 Relax 1917 shampoo,shampoo
 Resort access,luxuryamenities
 Resort view,windowview
 Retroku00fchlschrank  refrigerator,refrigerator
 Revlon ... conditioner,conditioner
 Revlon ... shampoo,shampoo
 Rice maker,kitchen
 Rituals  body soap,bodysoap
 Rituals  conditioner,conditioner
 Rituals  shampoo,shampoo
 Rituals body soap,bodysoap
 Rituals conditioner,conditioner
 Rituals shampoo,shampoo
 River view,windowview
 Roast,kitchen
 Roku,tv
 Room-darkening shades,privatelivingroom
 SAMSUNG Side by Side Family Hub refrigerator,refrigerator
 SAMSUNG refrigerator,refrigerator
 SCANDINAVIAN WHITE shampoo,shampoo
 SEIMENS oven,kitchen
 SEIMENS refrigerator,refrigerator
 SEIMENS stove,kitchen
 SMEG  refrigerator,refrigerator
 SMEG induction stove,kitchen
 SMEG oven,kitchen
 SMEG refrigerator,refrigerator
 SMEG single oven,kitchen
 SMEG stainless steel gas stove,kitchen
 SMEG stainless steel oven,kitchen
 SMEG stainless steel single oven,kitchen
 SMEG stainless steel stove,kitchen
 SMEG stove,kitchen
 SONOS Bluetooth sound system,soundsystem
 SONY SRS-XB21 Bluetooth sound system,soundsystem
 Sabonete Liquido body soap,bodysoap
 Sabonete lu00edquido. body soap,bodysoap
 Sabonete liquido body soap,bodysoap
 Sabonete local  body soap,bodysoap
 Sabonete su00f3lido body soap,bodysoap
 Sabonete/gel  mu00e3os Aroma de Portugal body soap,bodysoap
 Safe,lockbox
 Sample shampoo,shampoo
 Samsung  refrigerator,refrigerator
 Samsung - ice world refrigerator,refrigerator
 Samsung electric stove,kitchen
 Samsung induction stove,kitchen
 Samsung refrigerator,refrigerator
 Samsung sound system with Bluetooth and aux,soundsystem
 Samsung soundbar and Amazon Echo sound system with Bluetooth and aux,soundsystem
 Samsung stainless steel oven,kitchen
 Sanex body soap,bodysoap
 Saudade body soap,bodysoap
 Saudade shampoo,shampoo
 Sauna,luxuryamenities
 Savon body soap,bodysoap
 Scandinavian White  body soap,bodysoap
 Scandinavian White conditioner,conditioner
 Scandinavian white  body soap,bodysoap
 Schneider induction stove,kitchen
 Sea view,windowview
 Security cameras on property,securitycameras
 Seimens electric stove,kitchen
 Selecline refrigerator,refrigerator
 Self check-in,selfcheckin
 Sem marca shampoo,shampoo
 Sem marca stainless steel oven,kitchen
 Shampoo,shampoo
 Shampoo and Gel shampoo,shampoo
 Shared BBQ grill,bbq
 Shared BBQ grill: charcoal,bbq
 Shared BBQ grill: gas,bbq
 Shared BBQ grill: wood-burning,bbq
 Shared backyard,backyard
 Shared backyard Fully fenced,backyard
 Shared backyard Not fully fenced,backyard
 Shared gym,gym
 Shared gym in building,gym
 Shared gym nearby,gym
 Shared hot tub,hottub
 Shared hot tub - available seasonally,hottub
 Shared indoor pool,pool
 Shared indoor pool - available all year,pool
 Shared indoor pool - available seasonally,pool
 Shared indoor pool - open 24 hours,pool
 Shared indoor pool - open specific hours,pool
 Shared indoor pool - rooftop,pool
 Shared outdoor pool - lap pool,pool
 Shared outdoor pool - open 24 hours,pool
 Shared outdoor pool - open specific hours,pool
 Shared outdoor pool - rooftop,pool
 Shared outdoor pool - saltwater,pool
Private outdoor pool - available seasonally,pool
Shared outdoor pool - available all year,pool
 Outdoor dining area,outdooramenities
 Outdoor furniture,outdooramenities
 Outdoor kitchen,outdooramenities
 Outdoor kitchen with sink,outdooramenities
 Outdoor shower,outdooramenities
 Shared patio or balcony,outdooramenities
 Shared pool,pool
 Shared pool - ,pool
 Shared pool - available all year,pool
 Shared pool - available seasonally,pool
 Shared pool - open 24 hours,pool
 Shared pool - open specific hours,pool
 Shared sauna,luxuryamenities
 Shower gel,bodysoap
 Shower gel body soap,bodysoap
 Siemens  refrigerator,refrigerator
 Siemens  stainless steel oven,kitchen
 Siemens Inducciu00f3n  electric stove,kitchen
 Siemens body soap,bodysoap
 Siemens electric stove,kitchen
 Siemens induction stove,kitchen
 Siemens oven,kitchen
 Siemens refrigerator,refrigerator
 Siemens stainless steel double oven,kitchen
 Siemens stainless steel electric stove,kitchen
 Siemens stainless steel gas stove,kitchen
 Siemens stainless steel induction stove,kitchen
 Siemens stainless steel oven,kitchen
 Siemens stove,kitchen
 Silvecrest electric stove,kitchen
 Silver refrigerator,refrigerator
 Silvercrest sound system with Bluetooth and aux,soundsystem
 Simens stainless steel single oven,kitchen
 Single level home,others
 Single oven,kitchen
 Sintra body soap,bodysoap
 Sistema de som ambiente  sound system,soundsystem
 Sistema som Ambiente sound system,soundsystem
 Ski-in/Ski-out,luxuryamenities
 Small refrigerator  refrigerator,refrigerator
 Smart TV sound system with aux,tv
 Smart lock,lockbox
 Smartthing stainless steel gas stove,kitchen
 Smeg  oven,kitchen
 Smeg  refrigerator,refrigerator
 Smeg  single oven,kitchen
 Smeg  stainless steel oven,kitchen
 Smeg electric stove,kitchen
 Smeg gas stove,kitchen
 Smeg induction stove,kitchen
 Smeg oven,kitchen
 Smeg refrigerator,refrigerator
 Smeg single oven,kitchen
 Smeg stainless steel electric stove,kitchen
 Smeg stainless steel gas stove,kitchen
 Smeg stainless steel induction stove,kitchen
 Smeg stainless steel oven,kitchen
 Smeg stainless steel single oven,kitchen
 Smeg stainless steel stove,kitchen
 Smeg stove,kitchen
 Smoke alarm,smokedetector
 Smoking allowed,smokingallowed
 So para comeu00e7ar a viajem shampoo,shampoo
 Sodasan body soap,bodysoap
 Solis body soap,bodysoap
 Sonett body soap,bodysoap
 Sonos  Bluetooth sound system,soundsystem
 Sonos - Ikea Bluetooth sound system,soundsystem
 Sonos Bluetooth sound system,soundsystem
 Sonos One Bluetooth sound system,soundsystem
 Sonos and Apple HomePod Mini sound system,soundsystem
 Sonos in Living Room and LG in Suite sound system with Bluetooth and aux,soundsystem
 Sonos sound system,soundsystem
 Sony  sound system with Bluetooth and aux,soundsystem
 Sony  sound system with aux,soundsystem
 Sony Bluetooth sound system,soundsystem
 Sony sound system,soundsystem
 Sony sound system with aux,soundsystem
 Sound system,soundsystem
 Sound system with Bluetooth and aux,soundsystem
 Sound system with aux,soundsystem
 Soundbar Hisense sound system with Bluetooth and aux,soundsystem
 Speaker sound system with Bluetooth and aux,soundsystem
 Stainless steel double oven,kitchen
 Stainless steel electric stove,kitchen
 Stainless steel gas stove,kitchen
 Stainless steel induction stove,kitchen
 Stainless steel oven,kitchen
 Stainless steel single oven,kitchen
 Stainless steel stove,kitchen
 Standalone high chair,kidfriendly
 Standalone high chair - always at the listing,kidfriendly
 Standalone high chair - available upon request,kidfriendly
 Standard CD box sound system,soundsystem
 Standard body soap,bodysoap
 Standart body soap,bodysoap
 Stay&Co body soap,bodysoap
 Stay&Co conditioner,conditioner
 Stove,kitchen
 Sun loungers,outdooramenities
 Symfonisk (sonos) sound system,soundsystem
 TEKA induction stove,kitchen
 TEKA oven,kitchen
 TEKA refrigerator,refrigerator
 TEKA stainless steel electric stove,kitchen
 TEKA stainless steel gas stove,kitchen
 TEKA stainless steel induction stove,kitchen
 TEKA stainless steel oven,kitchen
 TEKA stainless steel single oven,kitchen
 TEKA stainless steel stove,kitchen
 TRESemmu00e9 conditioner,conditioner
 TV,tv
 TV with Amazon Prime Video,tv
 TV with Apple TV,tv
 TV with Chromecast,tv
 TV with DVD player,tv
 TV with Disney+,tv
 TV with HBO Max,tv
 TV with Netflix,tv
 TV with premium cable,cabletv
 TV with standard cable,cabletv
 Table corner guards,kidfriendly
 Technics sound system with Bluetooth and aux,soundsystem
 Tecnhics sound system with aux,soundsystem
 Tecnogaz stainless steel oven,kitchen
 Teka  gas stove,kitchen
 Teka  refrigerator,refrigerator
 Teka  stainless steel oven,kitchen
 Teka  stainless steel single oven,kitchen
 Teka electric stove,kitchen
 Teka gas stove,kitchen
 Teka induction stove,kitchen
 Teka oven,kitchen
 Teka refrigerator,refrigerator
 Teka single oven,kitchen
 Teka stainless steel electric stove,kitchen
 Teka stainless steel gas stove,kitchen
 Teka stainless steel induction stove,kitchen
 Teka stainless steel oven,kitchen
 Teka stainless steel single oven,kitchen
 Teka stainless steel stove,kitchen
 Teka stove,kitchen
 Tela refrigerator,refrigerator
 Testado dermatologicamente  body soap,bodysoap
 Thermador induction stove,kitchen
 Thermador stainless steel gas stove,kitchen
 Tiger - Brand conditioner,conditioner
 Tiger - Brand shampoo,shampoo
 Tiger - brand  body soap,bodysoap
 Tigi conditioner,conditioner
 Tigi shampoo,shampoo
 Tipo Americano  refrigerator,refrigerator
 Tivoli + Amazon Echo Dot sound system with Bluetooth and aux,soundsystem
 Toast & Bagel Functions stainless steel oven,kitchen
 Toaster,kitchen
 Toshiba sound system with aux,soundsystem
 Trash compactor,kitchen
 Tresu00e9mme conditioner,conditioner
 Tresu00e9mme shampoo,shampoo
 Treseme  shampoo,shampoo
 Tristar  stainless steel electric stove,kitchen
 Two boxes you can connect to your phone- plugin at earphone exit. sound system,soundsystem
 Unterschiedliche Marken body soap,bodysoap
 Urban Bluetooth sound system,soundsystem
 Vu00e1rias  body soap,bodysoap
 Vu00e1rios body soap,bodysoap
 Valley view,windowview
 Variu00e9s conditioner,conditioner
 Variu00e9s shampoo,shampoo
 Varia body soap,bodysoap
 Variable body soap,bodysoap
 Variable shampoo,shampoo
 Variada body soap,bodysoap
 Variadas body soap,bodysoap
 Variadas shampoo,shampoo
 Varias body soap,bodysoap
 Variavel body soap,bodysoap
 Variavel shampoo,shampoo
 Variety body soap,bodysoap
 Variety conditioner,conditioner
 Varios body soap,bodysoap
 Various body soap,bodysoap
 Various conditioner,conditioner
 Vaseline  body soap,bodysoap
 Vegan friendly,others
 Verschiedene Marken shampoo,shampoo
 Verschiedene conditioner,conditioner
 Vidal Sassoon conditioner,conditioner
 Vidal Sassoon shampoo,shampoo
 Vidal body soap,bodysoap
 Vineyard view,windowview
 Vintage - Lousani  body soap,bodysoap
 Vintage - Lousani  shampoo,shampoo
 Vintage by Lousani: champo,shampoo
 Vintage oven,kitchen
 Vintage stove,kitchen
 WHIRLPOOL stainless steel oven,kitchen
 WHIRPOOL stainless steel oven,kitchen
 Washer,washer
 Washer u2013u00a0In building,washer
 Washer u2013u00a0In unit,washer
 Waterfront,windowview
 We provide an initial kit with supplies. If you are staying longer youu2019re expected to provide all supplies you need shampoo,shampoo
 We provide an initial kit with supplies. If you are staying longer youu2019re expected to provide all supplies you need.  body soap,bodysoap
 Whie conditioner,conditioner
 Whie shampoo,shampoo
 Whirlpool  refrigerator,refrigerator
 Whirlpool IKEA stainless steel oven,kitchen
 Whirlpool electric stove,kitchen
 Whirlpool gas stove,kitchen
 Whirlpool induction stove,kitchen
 Whirlpool refrigerator,refrigerator
 Whirlpool stainless steel electric stove,kitchen
 Whirlpool stainless steel oven,kitchen
 Whirlpool stainless steel single oven,kitchen
 Whirpool refrigerator,refrigerator
 Whirpool stainless steel double oven,kitchen
 Whirpool stainless steel oven,kitchen
 White Scandinavian  shampoo,shampoo
 White Scandinavian body soap,bodysoap
 White body soap,bodysoap
 White brand basic body soap,bodysoap
 Wifi,wifi
 Wifi 10 Mbps,wifi
 Wifi 11 Mbps,wifi
 Wifi 12 Mbps,wifi
 Wifi 13 Mbps,wifi
 Wifi 14 Mbps,wifi
 Wifi 15 Mbps,wifi
 Wifi 16 Mbps,wifi
 Wifi 17 Mbps,wifi
 Wifi 18 Mbps,wifi
 Wifi 19 Mbps,wifi
 Wifi 2 Mbps,wifi
 Wifi 20 Mbps,wifi
 Wifi 21 Mbps,wifi
 Wifi 24 Mbps,wifi
 Wifi 25 Mbps,wifi
 Wifi 26 Mbps,wifi
 Wifi 27 Mbps,wifi
 Wifi 28 Mbps,wifi
 Wifi 29 Mbps,wifi
 Wifi 30 Mbps,wifi
 Wifi 31 Mbps,wifi
 Wifi 32 Mbps,wifi
 Wifi 33 Mbps,wifi
 Wifi 34 Mbps,wifi
 Wifi 35 Mbps,wifi
 Wifi 36 Mbps,wifi
 Wifi 37 Mbps,wifi
 Wifi 38 Mbps,wifi
 Wifi 39 Mbps,wifi
 Wifi 4 Mbps,wifi
 Wifi 40 Mbps,wifi
 Wifi 41 Mbps,wifi
 Wifi 42 Mbps,wifi
 Wifi 43 Mbps,wifi
 Wifi 44 Mbps,wifi
 Wifi 45 Mbps,wifi
 Wifi 46 Mbps,wifi
 Wifi 47 Mbps,wifi
 Wifi 48 Mbps,wifi
 Wifi 5 Mbps,wifi
 Wifi 6 Mbps,wifi
 Wifi 8 Mbps,wifi
 Wifi 9 Mbps,wifi
 Window AC unit,airconditioning
 Window guards,essentials
 Wine glasses,kitchen
 Wirlpool stainless steel oven,kitchen
 Wood-burning stove,kitchen
 Worten refrigerator,refrigerator
 XPTO conditioner,conditioner
 Xx body soap,bodysoap
 Xx conditioner,conditioner
 Xx gas stove,kitchen
 Xx oven,kitchen
 Xx refrigerator,refrigerator
 Xx shampoo,shampoo
 Xx stainless steel oven,kitchen
 Xx stove,kitchen
 Yamaha Bluetooth sound system,soundsystem
 Yamaha crx 330 (mini): CD,soundsystem
 Yamaha sound system with Bluetooth and aux,soundsystem
 ZANUSSI stainless steel single oven,kitchen
 ZLINE induction stove,kitchen
 ZLINE stainless steel electric stove,kitchen
 Zanusi electric stainless steel stove,kitchen
 Zanusi electric stove,kitchen
 Zanusi refrigerator,refrigerator
 Zanussi  induction stove,kitchen
 Zanussi  oven,kitchen
 Zanussi  refrigerator,refrigerator
 Zanussi electric stove,kitchen
 Zanussi induction stove,kitchen
 Zanussi oven,kitchen
 Zanussi refrigerator,refrigerator
 Zanussi stainless steel double oven,kitchen
 Zanussi stainless steel electric stove,kitchen
 Zanussi stainless steel gas stove,kitchen
 Zanussi stainless steel induction stove,kitchen
 Zanussi stainless steel oven,kitchen
 Zanussi stainless steel single oven,kitchen
 Zanussi stainless steel stove,kitchen
 Zanussi stove,kitchen
 Zanuzzi stainless steel double oven,kitchen
 Zara Home body soap,bodysoap
 Zikmu by Philippe Stark  sound system with Bluetooth and aux,soundsystem
 au00e7o inoxidu00e1vel IKEA stainless steel oven,kitchen
 and 10+ years old,others
 and 5-10 years old,others
 and dresser,closet
 and wardrobe,closet
 closet,closet
 conditioner and soap body soap,conditioner
 diversasu2026 shampoo,shampoo
 electric,others
 espirito  Porto body soap,bodysoap
 espirito  Porto conditioner,conditioner
 espresso machine,coffeemaker
 free weights,gym
 french press,coffeemaker
 heated,airconditioning
 infinity,pool
 lap pool,pool
 lavanda flor  body soap,bodysoap
 open 24 hours,others
 open specific hours,others
 pellet stove,kitchen
 pool cover,pool
 pool toys,pool
 pour-over coffee,coffeemaker
 premium cable,cabletv
 rooftop,outdooramenities
 saltwater,luxuryamenities
 standard cable,cabletv
 stationary bike,gym
 treadmill,gym
 wardrobe,closet
 wood-burning,indoorfireplace
 yoga mat,gym
/ body soap,bodysoap
12 TV with Roku,tv
20 HDTV with standard cable,cabletv
26 HDTV with premium cable,cabletv
32 HDTV with Amazon Prime Video,tv
32 HDTV with HBO Max,tv
32 HDTV with premium cable,cabletv
35 HDTV with standard cable,cabletv
38 TV with Chromecast,tv
42 HDTV,tv
43 HDTV with Amazon Prime Video,tv
46 HDTV,tv
48 HDTV with Netflix,tv
50 HDTV,tv
50 HDTV with Amazon Prime Video,tv
55 HDTV with Netflix,tv
55 HDTV with standard cable,cabletv
80 TV with standard cable,cabletv
Ada Cosmetics shampoo,shampoo
Air conditioning,airconditioning
Apple/Alexa sound system,soundsystem
Ariston oven,kitchen
Aroma de Portugal  shampoo,shampoo
Aromas de Portugal shampoo,shampoo
BBQ grill,bbq
BOSH refrigerator,refrigerator
Baby safety gates,kidfriendly
Backyard,backyard
Baking sheet,essentials
Barbecue utensils,bbq
Bio Products (mini kit) body soap,bodysoap
Books and reading material,luxuryamenities
Bosh stainless steel oven,kitchen
Branca conditioner,conditioner
Carbon monoxide alarm,smokedetector
Central air conditioning,airconditioning
Childrenu2019s books and toys for ages 2-5 years old,kidfriendly
City skyline view,windowview
Claus body soap,bodysoap
Cleaning available during stay,luxuryamenities
Clothing storage,closet
Clothing storage: walk-in closet and dresser,closet
Coffee maker,coffeemaker
Coffee maker: Nespresso,coffeemaker
Coffee maker: drip coffee maker,coffeemaker
Complimentary sample shampoo,shampoo
Cooking basics,luxuryamenities
Courtyard view,windowview
Crib,kidfriendly
Damana Organics body soap,bodysoap
Dining table,essentials
Dishes and silverware,essentials
Dryer,dryer
Drying rack for clothing,closet
Elevator,elevator
Essentials,essentials
Exercise equipment,gym
Extra pillows and blankets,luxuryamenities
FAGOR electric stove,kitchen
Fast wifi 248 Mbps,wifi
Fast wifi 271 Mbps,wifi
Fast wifi 290 Mbps,wifi
Fast wifi 343 Mbps,wifi
Fast wifi 366 Mbps,wifi
Fast wifi 50 Mbps,wifi
Fast wifi 518 Mbps,wifi
Fast wifi 53 Mbps,wifi
Fast wifi 560 Mbps,wifi
Fast wifi 615 Mbps,wifi
Fast wifi 68 Mbps,wifi
Fast wifi 92 Mbps,wifi
Fire extinguisher,fireextinguisher
Free dryer In unit,dryer
Free parking on premises,freeparking
Game console: PS2,gameconsole
Gel de banho  body soap,bodysoap
Generic shampoo,shampoo
HDTV with Amazon Prime Video,tv
HDTV with Apple TV,tv
HDTV with DVD player,tv
HDTV with HBO Max,tv
Hair dryer,hairdryer
Head and shoulders  shampoo,shampoo
Heating,airconditioning
High chair,kidfriendly
Host greets you,others
Hot water kettle,kitchen
IKEA TILLREDA induction stove,kitchen
Indoor fireplace,indoorfireplace
Indoor fireplace: wood-burning,indoorfireplace
Jocel oven,kitchen
Jocel stainless steel oven,kitchen
Jocell refrigerator,refrigerator
Kitchen,kitchen
KitchenAid induction stove,kitchen
Long term stays allowed,others
Marina view,windowview
Micro-ondas com funu00e7u00e3o Grill oven,kitchen
Mini-oven/grill oven,kitchen
Neutro body soap,bodysoap
Nivea body soap,bodysoap
 Private outdoor kitchen,outdooramenities
Paid crib - always at the listing,kidfriendly
Paid crib - available upon request,kidfriendly
Paid parking garage on premises,paidparking
Paid parking lot on premises 2 spaces,paidparking
Paid valet parking on premises 1 space,paidparking
Palmolive conditioner,conditioner
Patio or balcony,outdooramenities
Pets allowed,petfriendly
Placa ceramica stove,kitchen
Pocket wifi,wifi
Portable fans,essentials
Portable heater,essentials
Prija Vitalising Show get and Shampoo with Ginseng. Dermatologically tested,shampoo
Private backyard,backyard
Private backyard Fully fenced,backyard
Private entrance,privateentrance
 Shared outdoor kitchen,outdooramenities
Real Saboaria Algae - Portuguese luxury amenities shampoo,shampoo
Refrigerator,refrigerator
River view,windowview
Samsung sound system,soundsystem
Security cameras on property,securitycameras
Self check-in,selfcheckin
Shampoo,shampoo
Shared backyard,backyard
Shared indoor pool - available all year,pool
Outdoor dining area,outdooramenities
Shared pool,pool
Shower gel & shampoo,shampoo
Smoke alarm,smokedetector
Stove,kitchen
TV,tv
TV with Amazon Prime Video,tv
TV with Chromecast,tv
Teka stainless steel electric stove,kitchen
Toaster,kitchen
Valley view,windowview
WHIRLPOOL stainless steel stove,kitchen
Washer,washer
Whirlpool refrigerator,refrigerator
Whirlpool stainless steel gas stove,kitchen
Wifi,wifi
Wifi 18 Mbps,wifi
Wifi 4 Mbps,wifi
Wine glasses,kitchen
Zanussi gas stove,kitchen
 Fast wifi 518 Mbps,wifi
